name,email,age,date_join
Andy Lau,andylau@gmail.com,29,2024-12-11
Paul Cheung,paulcheung@gmail.com,34,2024-09-13
Mary Lee,marylee@gmail.com,23,2025-10-11
Jason Chan,jasonchan@gmail.com,31,2025-01-05
Emily Wong,emilywong@gmail.com,27,2024-11-22
Kelvin Ng,kelvinng@gmail.com,35,2025-02-14
Samantha Ho,samanthaho@gmail.com,26,2025-03-19
Brian Cheng,briancheng@gmail.com,40,2024-08-30
Vivian Lam,vivianlam@gmail.com,24,2025-05-25
Tommy Yip,tommyyip@gmail.com,32,2025-04-17
Rachel Chu,rachelchu@gmail.com,28,2024-10-06
Derek Lee,dereklee@gmail.com,30,2025-01-20
Natalie Fong,nataliefong@gmail.com,22,2025-06-01
Marcus Tang,marcustang@gmail.com,37,2024-07-14
Grace Wong,gracewong@gmail.com,25,2025-02-28
Peter Ho,peterho@gmail.com,33,2024-09-09
Joanna Choi,joannachoi@gmail.com,29,2025-07-03
Henry Mak,henrymak@gmail.com,41,2024-06-22
Elaine Lau,elainelau@gmail.com,27,2025-08-12
Wilson Tse,wilsontse@gmail.com,38,2024-05-18
Amy Chan,amychan@gmail.com,23,2025-09-07
Nicholas Wong,nicholaswong@gmail.com,36,2024-04-26
Christine Leung,christineleung@gmail.com,28,2025-03-11
Kelvin Chiu,kelvinchiu@gmail.com,31,2025-10-02
Sophie Yeung,sophieyeung@gmail.com,24,2025-01-30
